{"n": 1406, "r1": 0.2887624466571835, "r3": 0.662873399715505, "r5": 0.7901849217638691, "r10": 0.8918918918918919, "ctx": 25485.596728307253, "red": 85.9399548490482}