{"baseline": {"label": "BM25+stem baseline", "n": 1406, "r1": 0.7802275960170697, "r3": 0.9295874822190612, "r5": 0.9658605974395448, "r10": 0.9871977240398293, "ctx": 23980.34281650071, "red": 86.91643223992801, "impl_r5": 0.9617590822179732, "impl_n": 1046, "test_r5": 0.9777777777777777, "test_n": 360, "per_repo": {"httpx": [170, 177], "jinja2": [230, 241], "requests": [147, 148], "flask": [168, 178], "click": [305, 313], "rich": [338, 349]}}, "improved": {"label": "Improved lexical (compound+defsite)", "n": 1406, "r1": 0.7226173541963016, "r3": 0.8883357041251778, "r5": 0.9423897581792319, "r10": 0.9722617354196301, "ctx": 22841.828591749643, "red": 87.84816441777299, "impl_r5": 0.9770554493307839, "impl_n": 1046, "test_r5": 0.8416666666666667, "test_n": 360, "per_repo": {"httpx": [161, 177], "jinja2": [235, 241], "requests": [144, 148], "flask": [169, 178], "click": [278, 313], "rich": [338, 349]}}, "repo_total": {"httpx": 133516, "jinja2": 183375, "requests": 94437, "flask": 134469, "click": 205742, "rich": 514597}}