{"model": "jinaai/jina-embeddings-v2-base-code", "n": 1406, "r1": 0.42105263157894735, "r3": 0.5668563300142248, "r5": 0.6273115220483642, "r10": 0.6991465149359887, "ctx": 21769.30867709815, "red": 87.8834464186307, "emb_per_s": 1580.8452429349807, "vram": "3541 MiB", "impl_r5": 0.6347992351816444, "test_r5": 0.6055555555555555, "impl_n": 1046, "test_n": 360, "per_repo": {"httpx": [120, 177], "jinja2": [167, 241], "requests": [113, 148], "flask": [91, 178], "click": [189, 313], "rich": [202, 349]}}